{
  "step": 400,
  "R": 0.999783992767334,
  "U": 0.9538155198097229,
  "loss": 11.384210586547852,
  "ce_loss": 11.338829040527344,
  "u_loss": 0.045381551980972296,
  "RU": 0.9536094887588149,
  "perplexity": 84021.59375,
  "tone": "\u260d",
  "action": "BRAKE",
  "omega_mean": -0.0032227043993771076,
  "omega_std": 0.009248049929738045,
  "phase_mean": 0.23581022024154663,
  "phase_std": 0.021466046571731567
}