{
  "step": 450,
  "R": 0.9997349977493286,
  "U": 0.9537925720214844,
  "loss": 11.349702835083008,
  "ce_loss": 11.304323196411133,
  "u_loss": 0.04537925720214844,
  "RU": 0.953539814843225,
  "perplexity": 81171.8046875,
  "tone": "\u260d",
  "action": "BRAKE",
  "omega_mean": -0.0032227043993771076,
  "omega_std": 0.009248049929738045,
  "phase_mean": 0.2603292167186737,
  "phase_std": 0.023776745423674583
}