{
  "step": 350,
  "R": 0.9997461438179016,
  "U": 0.9538413286209106,
  "loss": 11.409844398498535,
  "ce_loss": 11.364459991455078,
  "u_loss": 0.045384132862091066,
  "RU": 0.9535991901028993,
  "perplexity": 86202.9765625,
  "tone": "\u260d",
  "action": "BRAKE",
  "omega_mean": -0.0032227043993771076,
  "omega_std": 0.009248049929738045,
  "phase_mean": 0.204679936170578,
  "phase_std": 0.02327343262732029
}