{
  "step": 300,
  "R": 0.9997842311859131,
  "U": 0.9537841081619263,
  "loss": 11.384421348571777,
  "ce_loss": 11.339042663574219,
  "u_loss": 0.04537841081619263,
  "RU": 0.9535783112960132,
  "perplexity": 84039.5390625,
  "tone": "\u260d",
  "action": "BRAKE",
  "omega_mean": -0.0032227043993771076,
  "omega_std": 0.009248049929738045,
  "phase_mean": 0.18415312469005585,
  "phase_std": 0.021457258611917496
}