{
  "step": 500,
  "R": 0.9997066855430603,
  "U": 0.9538065791130066,
  "loss": 11.379828453063965,
  "ce_loss": 11.334447860717773,
  "u_loss": 0.045380657911300665,
  "RU": 0.9535268138542285,
  "perplexity": 83654.28125,
  "tone": "\u260d",
  "action": "BRAKE",
  "omega_mean": -0.0032227043993771076,
  "omega_std": 0.009248049929738045,
  "phase_mean": 0.3010275959968567,
  "phase_std": 0.025015026330947876
}